{"mean": [0.14708401441457614, 0.14499822704561005, 0.15375140824746808, 0.16786450048097656], "std": [0.1623119416186445, 0.15796843241741243, 0.16567828689273703, 0.173672207581315]}